Source	Target	Weight
Accompanist pianist__s	music production__t	833
Operations__s	microsoft excel__t	28122
Shop Assistant (Intern)__s	microsoft office__t	38175
HR BUSINESS PARTNER__s	outsourcing__t	856
Process engineering__s	powerpoint__t	19346
Research Associate__s	medicine__t	654
Senior Manager__s	it security policies__t	6
Project Manager__s	formation__t	3702
Solutions Architect__s	microsoft sql server__t	1122
Quality manager__s	iso 9001__t	26
Styliste__s	microsoft word__t	23651
Master Thesis Student__s	microsoft word__t	23651
Technical Leader__s	semiconductor industry__t	190
manager__s	new media__t	582
Formatrice bancaire__s	microsoft office__t	38175
General Manager__s	coaching__t	2682
RETAIL FASHION BRANDS__s	merchandising__t	1297
Facer__s	english__t	12734
Securities Market Specialist__s	microsoft word__t	23651
Offshore Construction Engineer__s	fluid mechanics__t	129
Photographer__s	film photography__t	6
CEO__s	joomla__t	112
ICT__s	formation__t	3702
Area Export Manager__s	export__t	357
Artiste__s	metallurgy__t	74
Learning consultant__s	erp__t	1026
Architect__s	php__t	2049
CONSULTANT MARKETING__s	vdi__t	32
EuroSIMA Cluster Manager__s	social media__t	7787
Researcher in econometrics__s	french__t	6129
IT Manager__s	business strategy__t	8370
COMMERCIAL__s	visual merchandising__t	424
IT manager__s	python__t	1479
THENICIEN ANIMATEUR__s	teaching__t	9386
Photographe__s	illustrator__t	2556
Senior Planner__s	microsoft office__t	38175
Professor of Rheumatology__s	leadership__t	8448
General Services Officer__s	research__t	12923
Documentary Photographer__s	photo editing__t	23
TRADE MANAGER__s	new business development__t	7467
Stress Engineer__s	hypermesh__t	21
ecrivain psychanalyste__s	editing__t	2967
CEO tassystylist__s	visual merchandising__t	424
Supply Chain Director__s	kaizen__t	295
senior scientist__s	qpcr__t	104
Software Engineer__s	data warehousing__t	247
Editor__s	programming__t	893
Network Project Manager__s	wan__t	142
PASSENGER SERVICE AGENT__s	flights__t	221
Customer Resolution Specialist__s	quickbooks__t	52
Head of Development__s	digital media__t	1035
Senior associate__s	french__t	6129
Architectural Intern__s	illustrator__t	2556
Coating Engineer__s	coatings__t	122
CATHRONI CLOTHING__s	adobe illustrator__t	1663
Co Owner__s	consumer insight__t	23
GIS specialist__s	photoshop__t	11057
Field Service Engineer__s	spectroscopy__t	231
Mediator__s	adobe illustrator__t	1663
Aerodynamical Methods' Engineer__s	cfd__t	132
Operations Regional Manager__s	gas__t	437
Boss__s	recording__t	610
Research scientist__s	clinical research__t	1252
Specialiste leasing automobile__s	sales__t	6033
Senior Solution Builder__s	uml__t	826
IT Manager__s	freight__t	268
Business Strategy Consultant__s	international relations__t	1402
researcher__s	characterization__t	246
Owner and Founder__s	storage__t	355
Head of Multimanagement__s	financial modeling__t	705
VP Engineering__s	embedded software__t	435
COMPUTER SCIENCE__s	network security__t	588
Senior Software Engineer__s	assembly language__t	60
Charter Broker__s	strategic planning__t	11444
Territory Manager FSA__s	pharmaceutical industry__t	989
I.A.V.__s	microsoft office__t	38175
Consultant Achats IT__s	sap netweaver__t	72
CPIP__s	microsoft word__t	23651
Communications and Stakeholders__s	research__t	12923
Humanitarian volunteer__s	anthropology__t	27
Chirurgie ortho traumato__s	orthopedics__t	19
GERANCE__s	nonprofits__t	890
Cofounder__s	architecture__t	1379
Commodity Manager__s	materials management__t	81
reception__s	teamwork__t	1646
Free-lance copywriter__s	public relations__t	3620
Co Founder__s	recruiting__t	993
Technology VP__s	public speaking__t	10335
Chief Information Officer__s	software development__t	1983
CTO__s	coaching__t	2682
Reserve Officer__s	google analytics__t	341
Chief Information Officer__s	hospitality__t	1365
Travel manager__s	english to french__t	77
PhD Research Student__s	sensors__t	98
Purchasing Trainee__s	achats__t	188
Credit officer__s	business analysis__t	2264
Chancellery assistant__s	spanish__t	1049
International Account Manager__s	microsoft office__t	38175
area export manager__s	account management__t	2297
IT Manager__s	jmeter__t	6
Festivals Manager__s	english__t	12734
Front Manager__s	teamwork__t	1646
Doctorant__s	shell scripting__t	285
OPC__s	microsoft word__t	23651
Programmer Analyst__s	microsoft excel__t	28122
Independant Music Producer__s	music production__t	833
Senior Consultant__s	enterprise social networking__t	6
Manager Strategy Resources__s	business transformation__t	581
Photographe__s	photo editing__t	23
M&A Analyst__s	financial modeling__t	705
Business Controller__s	public speaking__t	10335
financial adviser__s	wealth management__t	89
leader team__s	shipping__t	344
back office__s	credit risk__t	217
french and english__s	powerpoint__t	19346
photographe peintre__s	commercial photography__t	340
Video Director__s	html 5__t	498
Strategic Project Manager__s	umts__t	192
Professor__s	emerging markets__t	193
External Relations Manager__s	strategic partnerships__t	613
Digital Campaigns Manager__s	editorial__t	599
NPD Manager__s	food industry__t	397
Key Account Manager__s	manufacture__t	427
CFO__s	french__t	6129
Graduate Production Engineer__s	process safety__t	35
Professional Training__s	coaching__t	2682
Application Engineer__s	business strategy__t	8370
Artiste__s	customer service__t	16818
Owner__s	email marketing__t	429
Technical coordinator__s	software development__t	1983
Chief Accountant__s	sarbanes-oxley act__t	224
Country Operations Associate__s	pharmaceutical industry__t	989
Industrial IT Manager__s	industrial engineering__t	125
Project Engineer__s	energy__t	951
Business Development Manager__s	btob__t	259
Account Manager__s	disaster recovery__t	181
Professional Internship__s	human anatomy__t	10
Plant Manager__s	industrial engineering__t	125
Assistante Formation__s	powerpoint__t	19346
Informaticien__s	marketing__t	10247
Licensing Manager__s	marketing__t	10247
Contract administrator__s	lingua inglese__t	63
Broadcast Engineer__s	customer service__t	16818
Medical Admin__s	yoga__t	72
Ceo__s	digital media__t	1035
coaching__s	new business development__t	7467
Aircraft Handling Agent__s	project management__t	14884
Chairman and CEO__s	microbiology__t	162
Business Management Manager__s	business strategy__t	8370
QA Engineer__s	atdd__t	2
Internship__s	pro engineer__t	91
broker__s	structured products__t	242
Designer SB NH90__s	teaching__t	9386
freelance teacher__s	teaching__t	9386
Network Technician Intern__s	server administration__t	27
Import Assistant__s	adobe illustrator__t	1663
Soft commodity trader__s	trading__t	336
Associate Financial Advisor__s	investments__t	599
Sculptor__s	special effects__t	15
Worldwide Technical Coordinator__s	engineering__t	3020
Property Management__s	luxury__t	342
FORMATION ESSI__s	microsoft word__t	23651
Luthier__s	music production__t	833
Directrice Promotion WEA__s	international relations__t	1402
Solicitor__s	research__t	12923
salesman__s	watches__t	85
International Logistic Planner__s	sales order processing__t	4
Senior Business Developer__s	html 5__t	498
Event Manager__s	leadership__t	8448
System Architect__s	tolling__t	3
Co Director__s	telecommunications__t	2417
Freelance__s	mysql__t	1766
Painter and illustrator__s	adobe photoshop__t	5222
Junior Software Engineer__s	hp quality center__t	23
Artiste__s	choreography__t	36
Sales Rep. Manager__s	hospital sales__t	35
DJVP__s	microsoft excel__t	28122
Legal Officer__s	resume writing__t	17
Quality Assurance Analyst__s	team management__t	3845
Responsable marketing communication__s	social media__t	7787
Test Engineer__s	microsoft office__t	38175
Market Strategy Director__s	energy economics__t	11
Brand Manager__s	microsoft excel__t	28122
Intern Research Assistant__s	python__t	1479
Actuary__s	actuarial consulting__t	7
ICT Business Analyst__s	english__t	12734
Structural Engineering Intern__s	photoshop__t	11057
Stage__s	french__t	6129
Managing director__s	business innovation__t	15
Legal translator__s	legal advice__t	256
tsh__s	windows__t	7884
Of Counsel__s	international law__t	291
Technical Expert Engineer__s	smpp__t	3
artiste photographe__s	contemporary art__t	1163
Assistant Marketing__s	marketing strategy__t	8807
IT Project manager__s	oracle__t	834
CEO__s	architectures__t	423
AVS__s	fundraising__t	449
Account Officer__s	project planning__t	2248
managing partner__s	business strategy__t	8370
Founder__s	automotive__t	881
Music Director__s	oratorio__t	7
Senior Manager__s	master data management__t	77
Release Engineer__s	shell scripting__t	285
architect partner__s	photoshop__t	11057
Test Engineer__s	nfc__t	125
Event Manager__s	marketing strategy__t	8807
flight attendant__s	airports__t	176
Osteopathe DOMROF__s	clinical research__t	1252
Account General Manager__s	outsourcing__t	856
Senior Product Manager__s	market analysis__t	729
Postdoctoral Research Assistant__s	cell biology__t	416
Milliner__s	inventory management__t	910
after__s	fmcg__t	829
Postdoctoral Fellow__s	project management__t	14884
Staff Auditor__s	microsoft outlook__t	398
infographiste__s	posters__t	138
Delivery Manager__s	cloud computing__t	2249
Specialist__s	business process__t	690
Assistant technicien__s	project management__t	14884
French Teaching Assistant__s	french to english__t	111
Postdoctoral associate__s	english__t	12734
Gerant__s	technical analysis__t	42
Software Developer__s	swift__t	48
HPC System Engineer__s	stockage__t	73
Laboratory Assistant__s	python__t	1479
Deputy Store Manager__s	customer service__t	16818
Multilingual Network Engineer__s	german__t	424
Barman__s	wine tasting__t	444
Seller of Au__s	research__t	12923
IT project manager__s	e-business__t	377
Assistant Project Manager__s	molecular biology__t	812
Technical Lead__s	microsoft sql server__t	1122
Senior Software Architect__s	algorithms__t	648
Chief Information Manager__s	user experience__t	370
Junior Engineer__s	microsoft office__t	38175
Internship__s	project engineering__t	563
Webmarketing Project Manager__s	online advertising__t	1889
SW engineer__s	software engineering__t	982
Trainee Mechanical Engineer__s	powerpoint__t	19346
Junior Project Manager__s	testing__t	817
Application Engineer__s	chemical engineering__t	207
Editorial Intern__s	business strategy__t	8370
GRAFICA__s	english__t	12734
Researcher Engineer__s	physics__t	669
Country Study Manager__s	hematology__t	50
Associate professor__s	chemistry__t	466
Permanent__s	microsoft word__t	23651
Marketing__s	press releases__t	302
Packaging Project Manager__s	gmp__t	218
geotechnical engineer__s	engineering geology__t	11
Senior Consultant__s	spss__t	186
Technical Manager__s	subsea engineering__t	113
Purchasing Manager__s	social media marketing__t	2085
NATUROPATHE__s	social media marketing__t	2085
Intern(Analyst)__s	financial modeling__t	705
Senior Financial Consultant__s	oracle__t	834
Microelectronic Project Manager__s	electronics packaging__t	4
Assistant Professor__s	soa__t	393
Club Action__s	strategic planning__t	11444
technicocomercial__s	microsoft office__t	38175
Manager__s	cash register__t	3
manager consulting__s	powerpoint__t	19346
archivist__s	photoshop__t	11057
workshop__s	design thinking__t	131
Cashier__s	communication skills__t	121
Program Director__s	project planning__t	2248
Founder and MD__s	public speaking__t	10335
Internship Trainee__s	forecasting__t	894
Founder of QSoftReviews__s	business strategy__t	8370
Security Project Manager__s	ipsec__t	32
Marketing Executive__s	social media__t	7787
Doctorant__s	thin films__t	96
Titolare__s	microsoft excel__t	28122
General Manager Assistant__s	training__t	2287
Owner__s	cash flow__t	49
engineer__s	molecular microbiology__t	8
coach__s	football__t	70
General secretary__s	digital media__t	1035
EMEA Marketing Manager__s	food__t	910
Mechanical Design Manager__s	project planning__t	2248
Segment Manager__s	customer experience__t	153
Technico-Commercial Web__s	english__t	12734
In vitro electrophysiology__s	pharmaceutical industry__t	989
Group Finance Manager__s	accounting__t	1200
Country Manager__s	healthcare__t	1719
Dr.__s	optics__t	142
Freelance Photographer__s	commercial photography__t	340
Assistant architecte__s	sketchup__t	991
Web Graphic Designer__s	microsoft office__t	38175
Professor__s	computer architecture__t	21
Research Trainee__s	western blotting__t	267
Project Manager__s	blended learning__t	49
Manager Outsourcing Services__s	outsourcing__t	856
Live Sound Engineer__s	pro tools__t	152
Senior Lawyer__s	french__t	6129
PR MANAGER__s	airlines__t	353
Tutor__s	tutoring__t	587
vdi__s	market research__t	1254
Area Manager__s	engineering__t	3020
Audio Engineering__s	music production__t	833
Combat Medic__s	military operations__t	128
Transversal Architect__s	operating systems__t	160
Engineer__s	visual basic__t	189
manager Brody Limousine__s	french__t	6129
English teacher__s	linguistics__t	278
Webmaster__s	information technology__t	244
Field Team Manager__s	vmware__t	620
Development Manager__s	french__t	6129
Postdoctoral Research Associate__s	statistical modeling__t	74
managing director__s	investments__t	599
Aerospace project manager__s	project planning__t	2248
Stage__s	background art__t	4
Customer Relations Specialist__s	customer satisfaction__t	453
Ceo__s	film production__t	447
EPOX__s	merchandising__t	1297
Product Manager__s	chemistry__t	466
College Counselor__s	classroom__t	314
Attorney__s	lean manufacturing__t	1423
Chief Financial Officer__s	team management__t	3845
Senior marketing Manager__s	broadband__t	58
Senior Linguistics Consultant__s	research__t	12923
Designer__s	microsoft office__t	38175
Radio Personality__s	social media__t	7787
Chief Risk Officer__s	information technology__t	244
InTouchSupport Engineer__s	petroleum engineering__t	106
Customer Service__s	sales order processing__t	4
yacht Captain__s	yachting__t	187
Gite owner__s	marketing strategy__t	8807
Project Manager__s	problem solving__t	233
administrator__s	higher education__t	1154
Middle East Manager__s	account management__t	2297
Officer__s	international security__t	35
Delivery Unit Manager__s	data warehousing__t	247
Founder and CEO__s	software project management__t	1133
Process engineer__s	microsoft office__t	38175
HR Business Partner__s	sourcing__t	597
Group Purchasing Manager__s	global sourcing__t	224
Teacher__s	data analysis__t	1041
Founder and Designer__s	marketing__t	10247
team manager__s	project planning__t	2248
First Mate__s	marine engineering__t	163
IT Project Manager__s	editing__t	2967
Deputy Director__s	vaccines__t	74
Owner and CEO__s	public relations__t	3620
Integration leader__s	embedded systems__t	783
Sales Manager__s	mentoring__t	46
Managing Director__s	offshore drilling__t	252
DevOP__s	html 5__t	498
manager consulting__s	microsoft office__t	38175
Skydiving Simulator Instructor__s	strategic planning__t	11444
Languages teacher__s	microsoft office__t	38175
Credit Clerk__s	customer service__t	16818
Violinteacher__s	music production__t	833
Finance Program Manager__s	it strategy__t	1448
Antigravity Machine__s	propulsion systems__t	5
Lean Coach__s	business analysis__t	2264
Project Engineer__s	simulink__t	179
Developer__s	software project management__t	1133
Headteacher__s	educational technology__t	461
Project Manager__s	water treatment__t	84
Communication Officer__s	events organisation__t	126
System engineering__s	jpa__t	37
master EBE__s	microsoft excel__t	28122
VP General Manager__s	marketing strategy__t	8807
Chomage__s	operations management__t	1215
Internet Interface Developer__s	microsoft word__t	23651
Technical assistant__s	research__t	12923
Football Player__s	public speaking__t	10335
AUDIOPROTHESISTE__s	customer service__t	16818
Senior Accountant__s	association management__t	5
Underwater activities__s	prezi__t	62
Sales Manager__s	erp__t	1026
Director of Research__s	research__t	12923
Security Consultant__s	ips__t	38
Defence Office Administrator__s	customer service__t	16818
Country Manager__s	strategic partnerships__t	613
Marketing >Director__s	customer service__t	16818
EMS Account manager__s	program management__t	2570
Sensor Engineering Manager__s	python__t	1479
Development Engineer__s	software development__t	1983
agent photographes__s	photography__t	2606
Manager__s	visual merchandising__t	424
Communication Manager__s	project management__t	14884
Senior Manager__s	lean manufacturing__t	1423
Student Internship__s	photoshop__t	11057
News Reporter__s	social skills__t	52
Marine Engineer__s	shipbuilding__t	100
Director__s	airlines__t	353
Assistant__s	statistics__t	840
Escritor__s	photoshop__t	11057
Hardial__s	business strategy__t	8370
COO security expert__s	project manager__t	13
Advisor__s	research__t	12923
Cofounder__s	application architecture__t	45
Editorial Intern__s	singing__t	654
Marketing Assistant Internship__s	marketing communication__t	29
Hotel General manager__s	pre-opening__t	157
IT manager__s	it operations__t	205
Director__s	trading systems__t	160
Lyric writer__s	sound__t	292
International Liaison Officer__s	project planning__t	2248
Mortgage Specialist__s	creativity__t	120
Principal__s	location photography__t	2
Senior Market Manager__s	dog behavior__t	3
Strategic Partnerships Manager__s	embedded linux__t	91
Process Expert__s	process optimization__t	95
Business Planner__s	outsourcing__t	856
Financial Advisor__s	microsoft office__t	38175
HR Director__s	industrial relations__t	6
Sustainability Transformation__s	strategic planning__t	11444
marketing and managing__s	online advertising__t	1889
Regional Sales Manager__s	powerpoint__t	19346
Chief Information Officer__s	business strategy__t	8370
Delivery Specialist__s	strategic planning__t	11444
Strategic Account Manager__s	saas__t	1028
The boss__s	social media__t	7787
Managing director__s	capital markets__t	619
System architect LTE__s	wireless__t	683
IT Operations Manager__s	it management__t	760
Imaging Scientist__s	color printing__t	6
Chief mate__s	yachting__t	187
WEDDING PLANNER__s	microsoft excel__t	28122
PROJECT ENGINEER__s	project engineering__t	563
Account Executive__s	employee benefits__t	81
Project Mananger__s	writing__t	476
Professional Photographer__s	lightroom__t	334
Program Quality Leader__s	industrial engineering__t	125
Infographie Web Impression__s	adobe photoshop__t	5222
Controller Internacional__s	english__t	12734
Content Architect__s	lean manufacturing__t	1423
Group Leader__s	image analysis__t	57
Financial Analyst__s	analysis__t	998
Algorithm Engineer__s	algorithms__t	648
Data Analyst__s	campaign management__t	21
Team Leader__s	physical security__t	85
PhD Candidate__s	sensors__t	98
Financial Engineer__s	structured products__t	242
team Manager__s	customer service__t	16818
Sales office Supervisor__s	teaching__t	9386
doctorant__s	editing__t	2967
Art Director Creative__s	art__t	2341
Trainee__s	network administration__t	321
Master Internship__s	vhdl__t	307
PhD Candidate__s	bayesian statistics__t	14
Gerant__s	php__t	2049
Project Manager__s	relationship management__t	77
FP&A__s	erp__t	1026
Senior manager__s	analyses__t	127
Development engineer__s	microsoft excel__t	28122
CFC__s	sales__t	6033
French Phonetics Teacher__s	teaching__t	9386
Owner | Managing Director__s	fit__t	6
Biostatistician trainee__s	vba__t	592
Test bench Manager__s	railway__t	75
Freelance translator__s	engineering__t	3020
Business Manager__s	powerpoint__t	19346
Chief editor__s	magazines__t	464
General Dogsbody__s	public speaking__t	10335
General Manager__s	club__t	23
Lawyer__s	personal injury__t	41
Public Relations Intern__s	sales__t	6033
Electronic Technology Manager__s	supply management__t	269
Analyste__s	bash__t	217
Ancien Cadre marketing__s	marketing management__t	842
OF5__s	command__t	116
Engineering Technical Advisor__s	aircraft__t	484
Account Director__s	business analysis__t	2264
Visiting student__s	research__t	12923
Software Developer__s	network security__t	588
Salt Worker__s	rhinoceros 3d__t	63
Sushi Chef__s	powerpoint__t	19346
Photographe__s	image editing__t	218
Supervising Senior Consultant__s	activity based costing__t	5
Manager Healthcare__s	market research__t	1254
Senior Project Manager__s	security audits__t	94
International Senior Advisor__s	operational excellence__t	99
German Teacher__s	powerpoint__t	19346
pianiste__s	music education__t	406
Co-Founder__s	marketing social__t	249
Web marketing consultant__s	marketing communications__t	3956
CO-GERANT__s	drawing__t	1197
Internship__s	3ds max__t	33
Photographer__s	kids__t	2
Stress Engineer__s	motorsports__t	14
Technical Manager__s	semantic web__t	48
Home Automation Technician__s	sales__t	6033
Teacher Trainer__s	french__t	6129
production engineer__s	microsoft word__t	23651
Senior System Architect__s	routing protocols__t	28
Director__s	cross cultural management__t	17
design internship__s	adobe photoshop__t	5222
Professional Photographer__s	illustrator__t	2556
CRM Intern__s	css__t	1907
Mining Project Manager__s	new business development__t	7467
systems engineer__s	research__t	12923
Assistant Analyst__s	leadership__t	8448
worker__s	networking__t	713
Russian teacher__s	technical translation__t	303
Head Customer Service__s	customer service__t	16818
Senior Product Manager__s	online advertising__t	1889
Senior Legal Counsel__s	regulatory analysis__t	6
TTL power__s	linux__t	2872
Geophysics intern__s	gis__t	120
Account Delivery Executive__s	it outsourcing__t	182
Officier__s	military liaison__t	6
Researcher__s	applied linguistics__t	14
Assistant Professor__s	scala__t	70
International Development Director__s	sponsorship__t	214
Directrice Marketing VPC__s	display advertising__t	64
Managing director__s	unity3d__t	191
Landscape Architect__s	cinema 4d__t	70
Senior Security Architect__s	web applications__t	245
Derivatives Instructor__s	microsoft word__t	23651
Secretary__s	geography__t	36
Business Analytical Manager__s	chemistry__t	466
bachelor infographie 3D__s	3d modeling__t	209
Engineering PhD__s	numerical analysis__t	260
Quality Engineer__s	program management__t	2570
Co Founder__s	flash__t	260
Associate Professor__s	e-learning__t	499
Technical Support Analyst__s	windows xp__t	90
PhD__s	materials science__t	405
Co-director__s	powerpoint__t	19346
Analyst__s	project management__t	14884
law manager__s	marketing__t	10247
Software Leader Project__s	iar embedded workbench__t	8
Copywriter__s	customer service__t	16818
Product Manager__s	web services__t	496
officor__s	weapons__t	49
IT project manager__s	program management__t	2570
FOUNDER AND CEO__s	microsoft windows__t	796
Project Quality Manager__s	research__t	12923
Research Scientist__s	semantics__t	25
Marketing Director__s	digital strategy__t	1044
Glass Artist__s	microsoft excel__t	28122
Process engineer__s	lean manufacturing__t	1423
Product manager__s	network marketing__t	19
Senior Manager Audit__s	financial accounting__t	518
DGS__s	strategic planning__t	11444
assistante achat__s	powerpoint__t	19346
Owner__s	inventory management__t	910
Marketing Director__s	pro engineer__t	91
Swine Veterinarian__s	animal work__t	22
ads__s	customer service__t	16818
IT project manager__s	python__t	1479
Treasury assistant__s	marketing__t	10247
Ayurveda Therapist__s	weight training__t	13
Managing Partner__s	retail__t	2050
Technical Supply__s	project management__t	14884
Marketing Team Member__s	marketing__t	10247
Technical advisor__s	fmea__t	218
Director__s	wellbeing__t	166
Software Quality Manager__s	test management__t	60
Research Associate__s	solid state physics__t	14
Junior Fellow__s	gretl__t	3
Coach sportif__s	research__t	12923
IT adminstrator__s	system administration__t	348
MENA Export Manager__s	spanish__t	1049
Production Engineer__s	ss7__t	46
PCB Expert__s	customer service__t	16818
engineer__s	photoshop__t	11057
Customer Support Engineer__s	metrology__t	72
Assistant to CEO__s	analysis__t	998
IT Administrator__s	windows__t	7884
Clinical Research Specialist__s	clinical monitoring__t	72
Laboratory Technician Intenrship__s	pack office__t	174
Senior Researcher__s	social sciences__t	55
E-marketing manager__s	digital marketing__t	2347
Industry Solution Architect__s	telecommunications__t	2417
clinical psychologist__s	family therapy__t	172
Personal Assistant__s	writing__t	476
Logistics Manager__s	supply chain__t	1147
Conseiller leadership__s	online advertising__t	1889
Football Referee__s	leadership__t	8448
Actor__s	microsoft office__t	38175
Psychanalyste__s	public relations__t	3620
Stage__s	microsoft excel__t	28122
Senior Research Engineer__s	software project management__t	1133
Orthopediste orthesiste__s	microsoft excel__t	28122
Head of Quality__s	epc__t	201
cpe__s	microsoft excel__t	28122
Study Manager__s	project coordination__t	302
Deputy Store Manager__s	retail__t	2050
lead DA__s	html__t	5749
hairstylist__s	illustrator__t	2556
Managing Partner__s	marketing international__t	34
Founder__s	start-up__t	123
General Manager__s	culinary skills__t	141
Research Intern__s	thermodynamique__t	17
Photo Retoucher__s	digital photography__t	622
IT Advisory Manager__s	information security__t	250
Chief Mate__s	ship management__t	22
Tutor__s	cluster analysis__t	9
Managing Assistant__s	project management__t	14884
EXECUTIVE OFFICER__s	adobe photoshop__t	5222
Webmaster__s	html 5__t	498
Founder Atalna Fi__s	financial reporting__t	997
Teacher Manager__s	digital marketing__t	2347
KEY ACCOUNT MANAGER__s	customer satisfaction__t	453
Coodinator and teacher__s	html5__t	712
Business English Trainer__s	strategic planning__t	11444
Nothing__s	social media__t	7787
Investment Advisor__s	asset allocation__t	83
Cloud Chief Technologist__s	storage__t	355
Principal__s	food pairing__t	80
Photographer__s	english__t	12734
Online Director__s	web marketing__t	573
Founder and Designer__s	wholesale__t	158
Direction marketing__s	b2b__t	1440
Junior Researcher__s	labor economics__t	10
Technical Internship__s	mechanical engineering__t	458
IT Architect__s	project management__t	14884
Manager associate__s	team management__t	3845
Post-doctoral__s	spectroscopy__t	231
Corporate Affairs Director__s	strategic planning__t	11444
Morphopsychologue__s	family therapy__t	172
International Business Manager__s	customer insight__t	330
operaio specializzato__s	microsoft office__t	38175
HR advisor__s	microsoft office__t	38175
Manager__s	hadoop__t	95
Account Manager__s	market research__t	1254
Engineer__s	semiconductor industry__t	190
Mentor Program__s	teamwork__t	1646
Flutist__s	recording__t	610
3D printing marketplace__s	photoshop__t	11057
Assistant__s	informatics__t	136
Marketing coordinator__s	brand management__t	460
International Creative Director__s	digital strategy__t	1044
Head of Community__s	seo__t	1185
Owner | Managing Director__s	denim__t	29
Key Account Manager__s	supply chain__t	1147
Informaticien__s	testing__t	817
Full time researcher__s	biomedical engineering__t	127
Market Analyst__s	english__t	12734
Projects Coordinator__s	project management__t	14884
Research engineer__s	lc-ms__t	37
Graphic Design Intern__s	advertising__t	2113
teatcher__s	strategic planning__t	11444
CHARGEE ADMINISTRATIVE__s	powerpoint__t	19346
anesthesiste__s	windows__t	7884
engineer__s	airlines__t	353
General Manager__s	pro tools__t	152
Customer Experience Manager__s	online marketing__t	1305
Mechatronic engineer__s	software development__t	1983
SQA Manager__s	formation__t	3702
Chief Scientific Officier__s	solid phase extraction__t	3
Finance Manager__s	italian__t	214
basson__s	piano__t	223
Cleaning staff__s	strategic planning__t	11444
CFO__s	social media marketing__t	2085
Manufacturing Manager__s	testing__t	817
THERAPEUTE__s	healthcare management__t	721
EFL teacher__s	team building__t	2646
LAWYER__s	legal writing__t	234
Software Manager__s	embedded systems__t	783
Kwey accounts manager__s	energy__t	951
PROTHESISTE__s	microsoft office__t	38175
Manager__s	wcf__t	89
Medical Doctor__s	emr__t	160
CEO__s	product engineering__t	27
Global Marketing Director__s	english__t	12734
reasercher__s	synthetic organic chemistry__t	12
E-Communications Officer__s	marketing__t	10247
photographe__s	html__t	5749
webmarketing__s	new business development__t	7467
Information System Architect__s	data analysis__t	1041
Trainee__s	mechanical engineering__t	458
Application Manager__s	training__t	2287
Personal Tutor__s	powerpoint__t	19346
Project Manager__s	terminology__t	58
IND Manager__s	inspection__t	174
sophrologue__s	treatment__t	596
Director__s	boating__t	71
engineer__s	business analysis__t	2264
Associate Professor__s	smart metering__t	29
Owner__s	posters__t	138
Researcher__s	mass spectrometry__t	110
Language teacher__s	microsoft word__t	23651
Stage Tv activities__s	commerce international__t	97
Head Of School__s	nonprofits__t	890
Programme SQA Manager__s	system administration__t	348
Yatching__s	marketing strategy__t	8807
Expert Sauvegarde__s	strategic partnerships__t	613
Prepress Manager__s	marketing__t	10247
Distributor Manager__s	key account management__t	1253
vigneron__s	wineries__t	158
Planning supply chain__s	technology transfer__t	141
Owner and physiotherapist__s	personal training__t	117
Service Incendie__s	powerpoint__t	19346
IT technician__s	troubleshooting__t	708
IT Project Manager__s	data modeling__t	86
Account Executive__s	advertising__t	2113
DEV__s	microsoft sql server__t	1122
Professor and President__s	strategic planning__t	11444
PhD Researcher__s	confocal microscopy__t	118
Bassiste__s	music production__t	833
Head of Publications__s	editing__t	2967
Mathematics teacher__s	html__t	5749
Country Specialist__s	luxury goods__t	622
Learning Coordinator__s	social media__t	7787
Firefighter control operator__s	microsoft office__t	38175
Intilaqa officer__s	training__t	2287
Trainee__s	sketchup__t	991
Monitor__s	cad__t	485
Visiting Scientist__s	microsoft office__t	38175
Managing Consultant__s	business process improvement__t	637
DIRECTOR OF OPERATIONS__s	retail__t	2050
Marketing Research Manager__s	brand equity__t	48
Customer Project Director__s	project management__t	14884
Chief Operating Officer__s	process engineering__t	377
Technician__s	airlines__t	353
Purchase assistant__s	chinese__t	165
Photographe plasticienne__s	art__t	2341
GNC Manager__s	spacecraft__t	39
Partner Account Manager__s	product marketing__t	1558
Digital Library__s	history__t	207
Arthurimmo.com__s	buyer representation__t	125
Researcher__s	final cut pro__t	493
Account Executive__s	leadership__t	8448
Teacher__s	singing__t	654
Artistic director__s	microsoft office__t	38175
directrice marketing__s	international marketing__t	577
Technical Support Analyst__s	computer hardware__t	230
Architecte HMONP__s	cad__t	485
System administrator__s	html__t	5749
MEDIA__s	social networking__t	820
Responsable webmarketing__s	illustrator__t	2556
Operation Manager__s	operational excellence__t	99
Senior research scientist__s	image analysis__t	57
Teacher__s	contemporary art__t	1163
Senior Translator__s	english__t	12734
Engineering Product Specialist__s	manufacturing__t	1648
SI Account Manager__s	key account management__t	1253
Artiste__s	theatre__t	627
Supply Chain Director__s	purchasing__t	916
Yoga Teacher__s	windows__t	7884
CEO Simplewebsite__s	smo__t	51
Orthoptiste__s	customer service__t	16818
Operations Coordinator__s	customer service__t	16818
Marketing Assistant__s	leadership__t	8448
Key Account Director__s	customer experience__t	153
Office Manager__s	financial management__t	22
Technical Expert Solutions__s	networking__t	713
Business Development Manager__s	fashion design__t	356
Photographer__s	event photography__t	232
teacher__s	spanish__t	1049
Associate Financial Advisor__s	investment advisory__t	31
Technical Project Manager__s	coaching__t	2682
formation graphisme__s	microsoft office__t	38175
Municipal Engineering Assistant__s	signal processing__t	375
Lead estimating engineer__s	flng__t	9
VP Engineering__s	cassandra__t	25
Doctoral Student__s	higher education__t	1154
Assistant achats__s	microsoft access__t	134
Architecte of heritage__s	3d studio max__t	532
IN engineer__s	sip__t	175
actor__s	acting__t	520
Project Manager__s	electronic trading__t	87
Global Product Manager__s	business analysis__t	2264
Internship__s	mathematical programming__t	10
RCT__s	microsoft word__t	23651
General Manager__s	business travel__t	156
Reporter-photographe__s	photoshop__t	11057
IT system engineer__s	microsoft word__t	23651
Managing Partner__s	marketing management__t	842
Founder and COO__s	testing__t	817
photographe__s	social networking__t	820
Special Forces Operator__s	first aid__t	41
CFO__s	outsourcing__t	856
Mother__s	strategic planning__t	11444
English trainer__s	teaching__t	9386
Area Manager__s	community management__t	519
syndicaliste__s	microsoft office__t	38175
GERANT__s	blogging__t	766
CIO__s	trading__t	336
System Verification Engineer__s	project management__t	14884
IT Engineer__s	embedded software__t	435
chief in editor__s	editing__t	2967
Sales Manager__s	hardware__t	152
Bio-organic internship__s	hplc__t	164
Director__s	business analysis__t	2264
gestion locative__s	microsoft office__t	38175
graphiste__s	painting__t	1163
Commercial Counselor__s	policy__t	495
waiter__s	microsoft excel__t	28122
Personal Assistant__s	international relations__t	1402
Assistant Marketing Manager__s	brand management__t	460
Electronics engineering consultant__s	adobe illustrator__t	1663
Purchaser__s	mrp__t	91
Collaboratrice d'architecte__s	powerpoint__t	19346
Summer intern__s	international relations__t	1402
Facility Manager__s	operations management__t	1215
Permanent researcher__s	project coordination__t	302
Business Manager__s	recruiting__t	993
Recording Studio__s	unreal engine__t	11
Civil engineer__s	highways__t	44
Account Executive__s	sales manager__t	1451
Networks Technical Director__s	linux__t	2872
Senior Sourcing Manager__s	organic products__t	5
Head of Ciao!__s	software project management__t	1133
Doctorat__s	powerpoint__t	19346
sef__s	customer service__t	16818
Student Internship__s	engineering__t	3020
Summer Intern__s	polymer chemistry__t	50
permanent__s	microsoft word__t	23651
Sr. Research Analyst__s	international security__t	35
Human Resources Manager__s	behavioural change__t	7
Director of Competitions__s	coaching__t	2682
Customer Account Mgr__s	manufacturing__t	1648
Finance Manager__s	financial analysis__t	1817
Security Consultant__s	security management__t	137
research engineer__s	engineering__t	3020
Commercial__s	oenology__t	18
dangerous goods manager__s	supply chain__t	1147
IDE__s	strategic planning__t	11444
Program Manager__s	value engineering__t	46
French Assistant__s	teaching__t	9386
Modellista__s	customer service__t	16818
Coordinator__s	english__t	12734
MANAGING DIRECTOR__s	marketing strategy__t	8807
fund manager__s	fixed income__t	513
salesman__s	visual merchandising__t	424
Team manager__s	networking__t	713
Company director__s	social media__t	7787
Research Intern__s	chemical engineering__t	207
Batteries Program Manager__s	electrochemistry__t	62
French teaching__s	research__t	12923
Technical Associate__s	testing__t	817
Professor__s	e-business__t	377
Business Analyst ( Contractor )__s	banking__t	909
apbg__s	windows__t	7884
gerant__s	b2b__t	1440
Co founder__s	marketing communications__t	3956
manager__s	facebook__t	276
Brand Manager__s	social media__t	7787
Special projects manager__s	marketing strategy__t	8807
RECEPTIONIST__s	microsoft office__t	38175
Campus Manager__s	marketing__t	10247
agent territorial__s	research__t	12923
Executive Project Manager__s	project management__t	14884
Artist__s	art consulting__t	12
Managing Director__s	catering__t	406
ARCHITECTE DPLG__s	communication marketing__t	1500
summer intership 2013__s	analysis__t	998
INTERNATIONAL STYLE ADVISOR__s	policy__t	495
Capoeira Instructor__s	choreography__t	36
ash__s	research__t	12923
selfemployed__s	microsoft word__t	23651
Commercial Manager__s	molecular biology__t	812
Production executive internship__s	powerpoint__t	19346
TECHNICAL LEADER__s	process scheduler__t	66
Bizdev manager__s	smart cards__t	133
Internal Audit__s	project planning__t	2248
Staff Auditor__s	windows__t	7884
Doctor of Chiropractic__s	craniosacral therapy__t	6
Service Manager__s	linux__t	2872
Managing Gites__s	strategic planning__t	11444
English Teaching Assistant__s	microsoft office__t	38175
Research fellow__s	business strategy__t	8370
Security Engineer__s	checkpoint security__t	11
Commercial__s	social media__t	7787
photographer__s	moviemaker__t	6
retired director__s	creative writing__t	563
Supply Production Leader__s	microsoft excel__t	28122
informaticien__s	windows__t	7884
assistante formation__s	team building__t	2646
Additive manufacturing engineer__s	manufacturing__t	1648
Build Manager__s	microsoft sql server__t	1122
Junior Researcher__s	microsoft word__t	23651
COMMUNICATION ENGINEER__s	windows__t	7884
Part of__s	adobe freehand__t	5
founder__s	programming__t	893
Research scientist__s	spectroscopy__t	231
Business Development Manager__s	pharmaceuticals__t	33
Business Developer__s	adobe photoshop__t	5222
GERANT__s	teaching__t	9386
assistant patternmaker__s	marketing strategy__t	8807
Photographer-Teacher__s	advertising__t	2113
builder__s	project planning__t	2248
Research assistant__s	protein chemistry__t	84
Procurement Category Manager__s	engineering__t	3020
Project Manager__s	human rights__t	196
Credit Analyst__s	credit risk__t	217
Manager SAP Finance__s	automotive__t	881
Summer Intern__s	signal processing__t	375
Technical Architect__s	xml__t	1100
branch manager__s	freight forwarding__t	209
myself__s	advertising__t	2113
Jobboard__s	technical recruiting__t	213
Software developer__s	mysql__t	1766
caviste__s	inventory management__t	910
sound__s	film__t	1186
Managing Director__s	microsoft office__t	38175
Humanitarian Affair Officer__s	capacity building__t	221
inspector__s	customer service__t	16818
Interpretation Geophysicist__s	perforation__t	21
IT Technician__s	ruby on rails__t	106
GIS Project Manager__s	gps applications__t	7
Alumni__s	project management__t	14884
Commercial__s	xml__t	1100
Salesman__s	project management__t	14884
International Finance Manager__s	external audit__t	183
GERANT__s	healthcare__t	1719
Owner and Founder__s	sales__t	6033
Computer Specialist__s	business analysis__t	2264
Chartered Accountant__s	editing__t	2967
Support team manager__s	it operations__t	205
Senior Software Engineer__s	scala__t	70
System communication architect__s	plc__t	110
Head of Forensics__s	training__t	2287
Trader__s	business strategy__t	8370
SINGER__s	music__t	1358
Music therapist__s	mental health__t	340
Intern(Analyst)__s	html__t	5749
clinical study director__s	oncology__t	382
Dealer__s	html5__t	712
Hotel General Manager__s	training__t	2287
Solution Architect__s	technical presentations__t	21
Helpdesk Manager__s	team building__t	2646
tool process expert__s	new business development__t	7467
Software engineer__s	public speaking__t	10335
Corporate Manager__s	team leadership__t	2024
Image Processing Engineer__s	software development__t	1983
SEO Manager__s	organic search__t	11
Technicien reseau__s	customer experience__t	153
Project manager__s	civil engineering__t	235
Research Director__s	computer science__t	624
PhD Candidate__s	human rights__t	196
Managing Director__s	wan__t	142
general manager__s	event photography__t	232
Human Resources Manager__s	sourcing__t	597
Dry Dock Superintendant__s	pipelines__t	124
Commercial Pro Peugeot__s	strategic planning__t	11444
gerance__s	program management__t	2570
Security Expert__s	linux__t	2872
Recruitment Manager__s	epc__t	201
Managing director__s	financial markets__t	730
freelance__s	life coaching__t	54
Staff__s	statistics__t	840
Summer Internship__s	fashion design__t	356
Service manager__s	sla__t	49
General Manager Assistant__s	project management__t	14884
Manager associate__s	strategic partnerships__t	613
Bespoke Property Consultant__s	public speaking__t	10335
Senior Relationship Banker__s	investment banking__t	765
BML__s	military operations__t	128
Publishing Director__s	water management__t	30
product manager__s	trade shows__t	105
Head of Quality__s	ndt__t	54
Researcher__s	cmake__t	16
Assistant__s	customer service__t	16818
Proprietor__s	distributed team management__t	13
Programming Intern__s	public relations__t	3620
Professor__s	vhdl__t	307
vdi__s	public relations__t	3620
Executive Assistant__s	philanthropy__t	13
physicist__s	statistics__t	840
Supply Chain Manager__s	research__t	12923
Deutschlehrerin__s	microsoft office__t	38175
Owner__s	kaizen__t	295
IT Engineer__s	teamwork__t	1646
wlasciciel firmy__s	microsoft office__t	38175
Material Mgr__s	strategic sourcing__t	347
Business Development Specialist__s	microsoft office__t	38175
Software Engineer__s	manual testing__t	15
Digital Marketing Coordinator__s	digital strategy__t	1044
General Manager__s	teamwork__t	1646
GIS Technician__s	windows__t	7884
Professor of Marketing__s	strategic partnerships__t	613
Winery Guide__s	teamwork__t	1646
engineer__s	computing__t	22
Clinical Research Specialist__s	cro__t	175
musician__s	music production__t	833
formation multimedia__s	windows__t	7884
Hospital pharmacist__s	public health__t	311
Sophrologue sophro-analyste__s	leadership__t	8448
Export coordinator__s	water treatment__t	84
eMarketing Specialist__s	market research__t	1254
Co-Founder__s	statistical modeling__t	74
Release Engineer__s	software development__t	1983
Stagiaire Architecte__s	sketch__t	80
Writer and translator__s	creative writing__t	563
director__s	trading systems__t	160
International Business Developer__s	public speaking__t	10335
technicien support__s	hibernate__t	319
Process Expert VOC__s	team management__t	3845
CIO IT__s	troubleshooting__t	708
Teacher__s	publishing__t	474
IT Support Coordinator__s	illustrator__t	2556
OSTEOPATHE DO MROF__s	powerpoint__t	19346
Key Account Representative__s	microsoft word__t	23651
Assistant Professor__s	hospitality__t	1365
Senior researcher__s	biotechnology__t	802
nvt__s	fiction__t	72
IT INNOVATION MANAGER__s	french__t	6129
Technical Analyst__s	commodity__t	109
CTO__s	telecommunications__t	2417
IT Security Consulting__s	cryptography__t	115
Writer__s	digital humanities__t	4
